Filename,Mike,Karun
ctn0054_template.xml,1,0
ctn0013_template.xml,1,0
ctn0046_template.xml,1,0
ctn0014_template.xml,1,0
ctn0030_template.xml,1,0
ctn0015_template.xml,1,0
ctn0047_template.xml,1,0
ctn0012_template.xml,1,0
ctn0052_template.xml,1,0
ctn0007_template.xml,1,0
ctn0055_template.xml,1,0
ctn0031_template.xml,1,0
ctn0029_template.xml,1,0
ctn0018_template.xml,1,0
ctn0028_template.xml,1,0
ctn0019_template.xml,1,0
ctn0059_template.xml,1,0
ctn0049_template.xml,1,0
ctn0009_template.xml,1,0
ctn0008_template.xml,1,0
ctn0010_template.xml,1,0
ctn0017_template.xml,1,0
ctn0021_template.xml,1,0
ctn0011_template.xml,1,0
ctn0027_template.xml,1,0
ctn0020_template.xml,1,0
ctn0035_template.xml,1,0
ctn0032_template.xml,1,0
